Component,Type,Status,Description,File Location,Features
Dashboard,Page,Complete,Main admin overview with stats and API testing,src/pages/Dashboard.tsx,"Stats cards, Quick actions, API testing, Recent activity"
Users Management,Page,Complete,Manage freight customers and access,src/pages/UsersPage.tsx,"User list, Search/filter, Approve/suspend, Bulk actions"
Shipments,Page,Complete,View and manage all shipments,src/pages/ShipmentsPage.tsx,"Shipment list, Status tracking, Search/filter, Export"
Compliance,Page,Complete,Review compliance documents and flags,src/pages/CompliancePage.tsx,"Document review, Compliance flags, Approval workflow"
Payments,Page,Complete,Monitor payments and disputes,src/pages/PaymentsPage.tsx,"Payment tracking, Dispute management, Financial overview"
Support,Page,Complete,Handle customer support tickets,src/pages/SupportPage.tsx,"Ticket management, Priority system, Response tracking"
Logs,Page,Complete,System logs and API monitoring,src/pages/LogsPage.tsx,"API logs, System events, Error tracking, Performance metrics"
Manual Actions,Page,Complete,Manual workflow triggers,src/pages/ManualPage.tsx,"Workflow triggers, Manual overrides, System controls"
Settings,Page,Complete,Admin panel configuration,src/pages/SettingsPage.tsx,"General settings, Team management, Notifications, Security"
SimpleLayout,Component,Complete,Main layout with sidebar navigation,src/components/SimpleLayout.tsx,"Sidebar navigation, Header with user profile, Responsive design"
NotificationSystem,Component,Complete,Toast notifications system,src/components/NotificationSystem.tsx,"Success/error/warning/info alerts, Auto-dismiss, Manual close"
VercelApiTester,Service,Complete,Test integration with main app on Vercel,src/services/vercelApi.ts,"API connectivity testing, Quote API test, Rates API test, Tracking API test"
Authentication,System,Complete,Clerk-based authentication,App.tsx,"Sign in/out, Protected routes, User profile management"
Routing,System,Complete,React Router navigation,App.tsx,"Clean URLs, Protected routes, Fallback handling"
Styling,System,Complete,Custom CSS with professional design,src/index.css,"Admin theme, Responsive design, Component styles"

API Endpoints Tested,,,,,
Quote API,Endpoint,Ready,POST /api/quotes,Vercel App,"Quote request processing, Mock data fallback"
Carrier Rates,Endpoint,Ready,POST /api/rates,Vercel App,"Multi-carrier rate comparison, ReachShip/EasyShip/FedEx"
Shipment Tracking,Endpoint,Ready,GET /api/shipments/:id/tracking,Vercel App,"Real-time tracking, Location updates"
Connectivity Test,Endpoint,Ready,GET /,Vercel App,"Basic connectivity check, Health status"

Dashboard Stats,,,,,
Total Users,Metric,Live,2847 users,Dashboard,"Active user count, Growth tracking"
Active Shipments,Metric,Live,156 shipments,Dashboard,"In-transit shipments, Status monitoring"
Compliance Issues,Metric,Live,23 issues,Dashboard,"Flagged documents, Review queue"
Monthly Revenue,Metric,Live,Â£847000,Dashboard,"Financial tracking, Revenue growth"

Quick Actions,,,,,
Approve User,Action,Functional,User management,Dashboard,"One-click user approval, Registration review"
Override Quote,Action,Functional,Pricing control,Dashboard,"Manual quote adjustment, Price overrides"
Review Compliance,Action,Functional,Document review,Dashboard,"Compliance flag review, Document approval"
Trigger Workflow,Action,Functional,Process control,Dashboard,"Manual workflow execution, System triggers"

Recent Activity Feed,,,,,
Payment Processing,Activity,Live,Real-time updates,Dashboard,"Payment status, Transaction monitoring"
API Rate Limits,Activity,Live,System monitoring,Dashboard,"Rate limit tracking, Performance alerts"
User Access,Activity,Live,Security monitoring,Dashboard,"Access control, User activity tracking"

Navigation Menu,,,,,
Dashboard,Route,/,Main overview page,Sidebar,"Stats, testing, quick actions"
Users,Route,/users,User management,Sidebar,"Customer management, Access control"
Shipments,Route,/shipments,Shipment tracking,Sidebar,"Shipment overview, Status management"
Compliance,Route,/compliance,Document review,Sidebar,"Compliance monitoring, Document approval"
Payments,Route,/payments,Financial management,Sidebar,"Payment tracking, Dispute resolution"
Support,Route,/support,Customer support,Sidebar,"Ticket management, Help desk"
Logs,Route,/logs,System monitoring,Sidebar,"API logs, System events"
Manual,Route,/manual,Manual controls,Sidebar,"Workflow triggers, System overrides"
Settings,Route,/settings,Configuration,Sidebar,"Admin settings, Team management"

Integration Status,,,,,
Vercel Main App,Integration,Connected,https://clerk-react-lac.vercel.app/,API Service,"Live connection, API testing ready"
Clerk Authentication,Integration,Active,User management,App Level,"Sign in/out, User profiles, Protected routes"
React Router,Integration,Active,Navigation system,App Level,"URL routing, Protected routes, Navigation"
Lucide Icons,Integration,Active,Icon system,UI Components,"Consistent iconography, Professional design"

Test Results Display,,,,,
API Response Time,Metric,Live,Real-time measurement,Test Results,"Performance monitoring, Response tracking"
Success/Error Status,Status,Live,Color-coded indicators,Test Results,"Visual status, Error reporting"
Response Data,Data,Live,JSON response preview,Test Results,"Data validation, Response inspection"
Error Messages,Error,Live,Detailed error reporting,Test Results,"Debugging info, Error tracking"
